Bulbasaur,https://scrapeme.live/shop/Bulbasaur/
Ivysaur,https://scrapeme.live/shop/Ivysaur/
Venusaur,https://scrapeme.live/shop/Venusaur/
Charmander,https://scrapeme.live/shop/Charmander/
Charmeleon,https://scrapeme.live/shop/Charmeleon/
Charizard,https://scrapeme.live/shop/Charizard/
Squirtle,https://scrapeme.live/shop/Squirtle/
Wartortle,https://scrapeme.live/shop/Wartortle/
Blastoise,https://scrapeme.live/shop/Blastoise/
Caterpie,https://scrapeme.live/shop/Caterpie/
Metapod,https://scrapeme.live/shop/Metapod/
Butterfree,https://scrapeme.live/shop/Butterfree/
Weedle,https://scrapeme.live/shop/Weedle/
Kakuna,https://scrapeme.live/shop/Kakuna/
Beedrill,https://scrapeme.live/shop/Beedrill/
Pidgey,https://scrapeme.live/shop/Pidgey/
Pidgeotto,https://scrapeme.live/shop/Pidgeotto/
Pidgeot,https://scrapeme.live/shop/Pidgeot/
Rattata,https://scrapeme.live/shop/Rattata/
Raticate,https://scrapeme.live/shop/Raticate/
Spearow,https://scrapeme.live/shop/Spearow/
Fearow,https://scrapeme.live/shop/Fearow/
Ekans,https://scrapeme.live/shop/Ekans/
Arbok,https://scrapeme.live/shop/Arbok/
Pikachu,https://scrapeme.live/shop/Pikachu/
Raichu,https://scrapeme.live/shop/Raichu/
Sandshrew,https://scrapeme.live/shop/Sandshrew/
Sandslash,https://scrapeme.live/shop/Sandslash/
Nidorina,https://scrapeme.live/shop/Nidorina/
Nidoqueen,https://scrapeme.live/shop/Nidoqueen/
Nidorino,https://scrapeme.live/shop/Nidorino/
Nidoking,https://scrapeme.live/shop/Nidoking/
Clefairy,https://scrapeme.live/shop/Clefairy/
Clefable,https://scrapeme.live/shop/Clefable/
Vulpix,https://scrapeme.live/shop/Vulpix/
Ninetales,https://scrapeme.live/shop/Ninetales/
Jigglypuff,https://scrapeme.live/shop/Jigglypuff/
Wigglytuff,https://scrapeme.live/shop/Wigglytuff/
Zubat,https://scrapeme.live/shop/Zubat/
Golbat,https://scrapeme.live/shop/Golbat/
Oddish,https://scrapeme.live/shop/Oddish/
Gloom,https://scrapeme.live/shop/Gloom/
Vileplume,https://scrapeme.live/shop/Vileplume/
Paras,https://scrapeme.live/shop/Paras/
Parasect,https://scrapeme.live/shop/Parasect/
Venonat,https://scrapeme.live/shop/Venonat/
Venomoth,https://scrapeme.live/shop/Venomoth/
Diglett,https://scrapeme.live/shop/Diglett/
Dugtrio,https://scrapeme.live/shop/Dugtrio/
Meowth,https://scrapeme.live/shop/Meowth/
Persian,https://scrapeme.live/shop/Persian/
Psyduck,https://scrapeme.live/shop/Psyduck/
Golduck,https://scrapeme.live/shop/Golduck/
Mankey,https://scrapeme.live/shop/Mankey/
Primeape,https://scrapeme.live/shop/Primeape/
Growlithe,https://scrapeme.live/shop/Growlithe/
Arcanine,https://scrapeme.live/shop/Arcanine/
Poliwag,https://scrapeme.live/shop/Poliwag/
Poliwhirl,https://scrapeme.live/shop/Poliwhirl/
Poliwrath,https://scrapeme.live/shop/Poliwrath/
Abra,https://scrapeme.live/shop/Abra/
Kadabra,https://scrapeme.live/shop/Kadabra/
Alakazam,https://scrapeme.live/shop/Alakazam/
Machop,https://scrapeme.live/shop/Machop/
Machoke,https://scrapeme.live/shop/Machoke/
Machamp,https://scrapeme.live/shop/Machamp/
Bellsprout,https://scrapeme.live/shop/Bellsprout/
Weepinbell,https://scrapeme.live/shop/Weepinbell/
Victreebel,https://scrapeme.live/shop/Victreebel/
Tentacool,https://scrapeme.live/shop/Tentacool/
Tentacruel,https://scrapeme.live/shop/Tentacruel/
Geodude,https://scrapeme.live/shop/Geodude/
Graveler,https://scrapeme.live/shop/Graveler/
Golem,https://scrapeme.live/shop/Golem/
Ponyta,https://scrapeme.live/shop/Ponyta/
Rapidash,https://scrapeme.live/shop/Rapidash/
Slowpoke,https://scrapeme.live/shop/Slowpoke/
Slowbro,https://scrapeme.live/shop/Slowbro/
Magnemite,https://scrapeme.live/shop/Magnemite/
Magneton,https://scrapeme.live/shop/Magneton/
Farfetchd,https://scrapeme.live/shop/Farfetchd/
Doduo,https://scrapeme.live/shop/Doduo/
Dodrio,https://scrapeme.live/shop/Dodrio/
Seel,https://scrapeme.live/shop/Seel/
Dewgong,https://scrapeme.live/shop/Dewgong/
Grimer,https://scrapeme.live/shop/Grimer/
Muk,https://scrapeme.live/shop/Muk/
Shellder,https://scrapeme.live/shop/Shellder/
Cloyster,https://scrapeme.live/shop/Cloyster/
Gastly,https://scrapeme.live/shop/Gastly/
Haunter,https://scrapeme.live/shop/Haunter/
Gengar,https://scrapeme.live/shop/Gengar/
Onix,https://scrapeme.live/shop/Onix/
Drowzee,https://scrapeme.live/shop/Drowzee/
Hypno,https://scrapeme.live/shop/Hypno/
Krabby,https://scrapeme.live/shop/Krabby/
Kingler,https://scrapeme.live/shop/Kingler/
Voltorb,https://scrapeme.live/shop/Voltorb/
Electrode,https://scrapeme.live/shop/Electrode/
Exeggcute,https://scrapeme.live/shop/Exeggcute/
Exeggutor,https://scrapeme.live/shop/Exeggutor/
Cubone,https://scrapeme.live/shop/Cubone/
Marowak,https://scrapeme.live/shop/Marowak/
Hitmonlee,https://scrapeme.live/shop/Hitmonlee/
Hitmonchan,https://scrapeme.live/shop/Hitmonchan/
Lickitung,https://scrapeme.live/shop/Lickitung/
Koffing,https://scrapeme.live/shop/Koffing/
Weezing,https://scrapeme.live/shop/Weezing/
Rhyhorn,https://scrapeme.live/shop/Rhyhorn/
Rhydon,https://scrapeme.live/shop/Rhydon/
Chansey,https://scrapeme.live/shop/Chansey/
Tangela,https://scrapeme.live/shop/Tangela/
Kangaskhan,https://scrapeme.live/shop/Kangaskhan/
Horsea,https://scrapeme.live/shop/Horsea/
Seadra,https://scrapeme.live/shop/Seadra/
Goldeen,https://scrapeme.live/shop/Goldeen/
Seaking,https://scrapeme.live/shop/Seaking/
Staryu,https://scrapeme.live/shop/Staryu/
Starmie,https://scrapeme.live/shop/Starmie/
Mr-mime,https://scrapeme.live/shop/Mr-mime/
Scyther,https://scrapeme.live/shop/Scyther/
Jynx,https://scrapeme.live/shop/Jynx/
Electabuzz,https://scrapeme.live/shop/Electabuzz/
Magmar,https://scrapeme.live/shop/Magmar/
Pinsir,https://scrapeme.live/shop/Pinsir/
Tauros,https://scrapeme.live/shop/Tauros/
Magikarp,https://scrapeme.live/shop/Magikarp/
Gyarados,https://scrapeme.live/shop/Gyarados/
Lapras,https://scrapeme.live/shop/Lapras/
Ditto,https://scrapeme.live/shop/Ditto/
Eevee,https://scrapeme.live/shop/Eevee/
Vaporeon,https://scrapeme.live/shop/Vaporeon/
Jolteon,https://scrapeme.live/shop/Jolteon/
Flareon,https://scrapeme.live/shop/Flareon/
Porygon,https://scrapeme.live/shop/Porygon/
Omanyte,https://scrapeme.live/shop/Omanyte/
Omastar,https://scrapeme.live/shop/Omastar/
Kabuto,https://scrapeme.live/shop/Kabuto/
Kabutops,https://scrapeme.live/shop/Kabutops/
Aerodactyl,https://scrapeme.live/shop/Aerodactyl/
Snorlax,https://scrapeme.live/shop/Snorlax/
Articuno,https://scrapeme.live/shop/Articuno/
Zapdos,https://scrapeme.live/shop/Zapdos/
Moltres,https://scrapeme.live/shop/Moltres/
Dratini,https://scrapeme.live/shop/Dratini/
Dragonair,https://scrapeme.live/shop/Dragonair/
Dragonite,https://scrapeme.live/shop/Dragonite/
Mewtwo,https://scrapeme.live/shop/Mewtwo/
Mew,https://scrapeme.live/shop/Mew/
Chikorita,https://scrapeme.live/shop/Chikorita/
Bayleef,https://scrapeme.live/shop/Bayleef/
Meganium,https://scrapeme.live/shop/Meganium/
Cyndaquil,https://scrapeme.live/shop/Cyndaquil/
Quilava,https://scrapeme.live/shop/Quilava/
Typhlosion,https://scrapeme.live/shop/Typhlosion/
Totodile,https://scrapeme.live/shop/Totodile/
Croconaw,https://scrapeme.live/shop/Croconaw/
Feraligatr,https://scrapeme.live/shop/Feraligatr/
Sentret,https://scrapeme.live/shop/Sentret/
Furret,https://scrapeme.live/shop/Furret/
Hoothoot,https://scrapeme.live/shop/Hoothoot/
Noctowl,https://scrapeme.live/shop/Noctowl/
Ledyba,https://scrapeme.live/shop/Ledyba/
Ledian,https://scrapeme.live/shop/Ledian/
Spinarak,https://scrapeme.live/shop/Spinarak/
Ariados,https://scrapeme.live/shop/Ariados/
Crobat,https://scrapeme.live/shop/Crobat/
Chinchou,https://scrapeme.live/shop/Chinchou/
Lanturn,https://scrapeme.live/shop/Lanturn/
Pichu,https://scrapeme.live/shop/Pichu/
Cleffa,https://scrapeme.live/shop/Cleffa/
Igglybuff,https://scrapeme.live/shop/Igglybuff/
Togepi,https://scrapeme.live/shop/Togepi/
Togetic,https://scrapeme.live/shop/Togetic/
Natu,https://scrapeme.live/shop/Natu/
Xatu,https://scrapeme.live/shop/Xatu/
Mareep,https://scrapeme.live/shop/Mareep/
Flaaffy,https://scrapeme.live/shop/Flaaffy/
Ampharos,https://scrapeme.live/shop/Ampharos/
Bellossom,https://scrapeme.live/shop/Bellossom/
Marill,https://scrapeme.live/shop/Marill/
Azumarill,https://scrapeme.live/shop/Azumarill/
Sudowoodo,https://scrapeme.live/shop/Sudowoodo/
Politoed,https://scrapeme.live/shop/Politoed/
Hoppip,https://scrapeme.live/shop/Hoppip/
Skiploom,https://scrapeme.live/shop/Skiploom/
Jumpluff,https://scrapeme.live/shop/Jumpluff/
Aipom,https://scrapeme.live/shop/Aipom/
Sunkern,https://scrapeme.live/shop/Sunkern/
Sunflora,https://scrapeme.live/shop/Sunflora/
Yanma,https://scrapeme.live/shop/Yanma/
Wooper,https://scrapeme.live/shop/Wooper/
Quagsire,https://scrapeme.live/shop/Quagsire/
Espeon,https://scrapeme.live/shop/Espeon/
Umbreon,https://scrapeme.live/shop/Umbreon/
Murkrow,https://scrapeme.live/shop/Murkrow/
Slowking,https://scrapeme.live/shop/Slowking/
Misdreavus,https://scrapeme.live/shop/Misdreavus/
Unown,https://scrapeme.live/shop/Unown/
Wobbuffet,https://scrapeme.live/shop/Wobbuffet/
Girafarig,https://scrapeme.live/shop/Girafarig/
Gligar,https://scrapeme.live/shop/Gligar/
Steelix,https://scrapeme.live/shop/Steelix/
Snubbull,https://scrapeme.live/shop/Snubbull/
Granbull,https://scrapeme.live/shop/Granbull/
Qwilfish,https://scrapeme.live/shop/Qwilfish/
Scizor,https://scrapeme.live/shop/Scizor/
Shuckle,https://scrapeme.live/shop/Shuckle/
Heracross,https://scrapeme.live/shop/Heracross/
Sneasel,https://scrapeme.live/shop/Sneasel/
Teddiursa,https://scrapeme.live/shop/Teddiursa/
Ursaring,https://scrapeme.live/shop/Ursaring/
Magcargo,https://scrapeme.live/shop/Magcargo/
Swinub,https://scrapeme.live/shop/Swinub/
Piloswine,https://scrapeme.live/shop/Piloswine/
Corsola,https://scrapeme.live/shop/Corsola/
Remoraid,https://scrapeme.live/shop/Remoraid/
Octillery,https://scrapeme.live/shop/Octillery/
Delibird,https://scrapeme.live/shop/Delibird/
Mantine,https://scrapeme.live/shop/Mantine/
Skarmory,https://scrapeme.live/shop/Skarmory/
Houndour,https://scrapeme.live/shop/Houndour/
Houndoom,https://scrapeme.live/shop/Houndoom/
Kingdra,https://scrapeme.live/shop/Kingdra/
Phanpy,https://scrapeme.live/shop/Phanpy/
Donphan,https://scrapeme.live/shop/Donphan/
Porygon2,https://scrapeme.live/shop/Porygon2/
Stantler,https://scrapeme.live/shop/Stantler/
Smeargle,https://scrapeme.live/shop/Smeargle/
Tyrogue,https://scrapeme.live/shop/Tyrogue/
Hitmontop,https://scrapeme.live/shop/Hitmontop/
Smoochum,https://scrapeme.live/shop/Smoochum/
Elekid,https://scrapeme.live/shop/Elekid/
Magby,https://scrapeme.live/shop/Magby/
Miltank,https://scrapeme.live/shop/Miltank/
Blissey,https://scrapeme.live/shop/Blissey/
Raikou,https://scrapeme.live/shop/Raikou/
Entei,https://scrapeme.live/shop/Entei/
Suicune,https://scrapeme.live/shop/Suicune/
Larvitar,https://scrapeme.live/shop/Larvitar/
Pupitar,https://scrapeme.live/shop/Pupitar/
Tyranitar,https://scrapeme.live/shop/Tyranitar/
Lugia,https://scrapeme.live/shop/Lugia/
Ho-oh,https://scrapeme.live/shop/Ho-oh/
Celebi,https://scrapeme.live/shop/Celebi/
Treecko,https://scrapeme.live/shop/Treecko/
Grovyle,https://scrapeme.live/shop/Grovyle/
Sceptile,https://scrapeme.live/shop/Sceptile/
Torchic,https://scrapeme.live/shop/Torchic/
Combusken,https://scrapeme.live/shop/Combusken/
Blaziken,https://scrapeme.live/shop/Blaziken/
Mudkip,https://scrapeme.live/shop/Mudkip/
Marshtomp,https://scrapeme.live/shop/Marshtomp/
Swampert,https://scrapeme.live/shop/Swampert/
Poochyena,https://scrapeme.live/shop/Poochyena/
Mightyena,https://scrapeme.live/shop/Mightyena/
Zigzagoon,https://scrapeme.live/shop/Zigzagoon/
Linoone,https://scrapeme.live/shop/Linoone/
Wurmple,https://scrapeme.live/shop/Wurmple/
Silcoon,https://scrapeme.live/shop/Silcoon/
Beautifly,https://scrapeme.live/shop/Beautifly/
Cascoon,https://scrapeme.live/shop/Cascoon/
Dustox,https://scrapeme.live/shop/Dustox/
Lotad,https://scrapeme.live/shop/Lotad/
Lombre,https://scrapeme.live/shop/Lombre/
Ludicolo,https://scrapeme.live/shop/Ludicolo/
Seedot,https://scrapeme.live/shop/Seedot/
Nuzleaf,https://scrapeme.live/shop/Nuzleaf/
Shiftry,https://scrapeme.live/shop/Shiftry/
Taillow,https://scrapeme.live/shop/Taillow/
Swellow,https://scrapeme.live/shop/Swellow/
Wingull,https://scrapeme.live/shop/Wingull/
Pelipper,https://scrapeme.live/shop/Pelipper/
Ralts,https://scrapeme.live/shop/Ralts/
Kirlia,https://scrapeme.live/shop/Kirlia/
Gardevoir,https://scrapeme.live/shop/Gardevoir/
Surskit,https://scrapeme.live/shop/Surskit/
Masquerain,https://scrapeme.live/shop/Masquerain/
Shroomish,https://scrapeme.live/shop/Shroomish/
Breloom,https://scrapeme.live/shop/Breloom/
Slakoth,https://scrapeme.live/shop/Slakoth/
Vigoroth,https://scrapeme.live/shop/Vigoroth/
Slaking,https://scrapeme.live/shop/Slaking/
Nincada,https://scrapeme.live/shop/Nincada/
Ninjask,https://scrapeme.live/shop/Ninjask/
Shedinja,https://scrapeme.live/shop/Shedinja/
Whismur,https://scrapeme.live/shop/Whismur/
Loudred,https://scrapeme.live/shop/Loudred/
Exploud,https://scrapeme.live/shop/Exploud/
Makuhita,https://scrapeme.live/shop/Makuhita/
Hariyama,https://scrapeme.live/shop/Hariyama/
Azurill,https://scrapeme.live/shop/Azurill/
Nosepass,https://scrapeme.live/shop/Nosepass/
Skitty,https://scrapeme.live/shop/Skitty/
Delcatty,https://scrapeme.live/shop/Delcatty/
Sableye,https://scrapeme.live/shop/Sableye/
Mawile,https://scrapeme.live/shop/Mawile/
Aron,https://scrapeme.live/shop/Aron/
Lairon,https://scrapeme.live/shop/Lairon/
Aggron,https://scrapeme.live/shop/Aggron/
Meditite,https://scrapeme.live/shop/Meditite/
Medicham,https://scrapeme.live/shop/Medicham/
Electrike,https://scrapeme.live/shop/Electrike/
Manectric,https://scrapeme.live/shop/Manectric/
Plusle,https://scrapeme.live/shop/Plusle/
Minun,https://scrapeme.live/shop/Minun/
Volbeat,https://scrapeme.live/shop/Volbeat/
Illumise,https://scrapeme.live/shop/Illumise/
Roselia,https://scrapeme.live/shop/Roselia/
Gulpin,https://scrapeme.live/shop/Gulpin/
Swalot,https://scrapeme.live/shop/Swalot/
Carvanha,https://scrapeme.live/shop/Carvanha/
Sharpedo,https://scrapeme.live/shop/Sharpedo/
Wailmer,https://scrapeme.live/shop/Wailmer/
Wailord,https://scrapeme.live/shop/Wailord/
Numel,https://scrapeme.live/shop/Numel/
Camerupt,https://scrapeme.live/shop/Camerupt/
Torkoal,https://scrapeme.live/shop/Torkoal/
Spoink,https://scrapeme.live/shop/Spoink/
Grumpig,https://scrapeme.live/shop/Grumpig/
Spinda,https://scrapeme.live/shop/Spinda/
Trapinch,https://scrapeme.live/shop/Trapinch/
Vibrava,https://scrapeme.live/shop/Vibrava/
Flygon,https://scrapeme.live/shop/Flygon/
Cacnea,https://scrapeme.live/shop/Cacnea/
Cacturne,https://scrapeme.live/shop/Cacturne/
Swablu,https://scrapeme.live/shop/Swablu/
Altaria,https://scrapeme.live/shop/Altaria/
Seviper,https://scrapeme.live/shop/Seviper/
Lunatone,https://scrapeme.live/shop/Lunatone/
Solrock,https://scrapeme.live/shop/Solrock/
Whiscash,https://scrapeme.live/shop/Whiscash/
Corphish,https://scrapeme.live/shop/Corphish/
Crawdaunt,https://scrapeme.live/shop/Crawdaunt/
Baltoy,https://scrapeme.live/shop/Baltoy/
Claydol,https://scrapeme.live/shop/Claydol/
Lileep,https://scrapeme.live/shop/Lileep/
Cradily,https://scrapeme.live/shop/Cradily/
Anorith,https://scrapeme.live/shop/Anorith/
Armaldo,https://scrapeme.live/shop/Armaldo/
Feebas,https://scrapeme.live/shop/Feebas/
Milotic,https://scrapeme.live/shop/Milotic/
Castform,https://scrapeme.live/shop/Castform/
Kecleon,https://scrapeme.live/shop/Kecleon/
Shuppet,https://scrapeme.live/shop/Shuppet/
Banette,https://scrapeme.live/shop/Banette/
Duskull,https://scrapeme.live/shop/Duskull/
Dusclops,https://scrapeme.live/shop/Dusclops/
Tropius,https://scrapeme.live/shop/Tropius/
Chimecho,https://scrapeme.live/shop/Chimecho/
Absol,https://scrapeme.live/shop/Absol/
Wynaut,https://scrapeme.live/shop/Wynaut/
Snorunt,https://scrapeme.live/shop/Snorunt/
Glalie,https://scrapeme.live/shop/Glalie/
Spheal,https://scrapeme.live/shop/Spheal/
Sealeo,https://scrapeme.live/shop/Sealeo/
Walrein,https://scrapeme.live/shop/Walrein/
Clamperl,https://scrapeme.live/shop/Clamperl/
Huntail,https://scrapeme.live/shop/Huntail/
Gorebyss,https://scrapeme.live/shop/Gorebyss/
Relicanth,https://scrapeme.live/shop/Relicanth/
Luvdisc,https://scrapeme.live/shop/Luvdisc/
Bagon,https://scrapeme.live/shop/Bagon/
Shelgon,https://scrapeme.live/shop/Shelgon/
Salamence,https://scrapeme.live/shop/Salamence/
Beldum,https://scrapeme.live/shop/Beldum/
Metang,https://scrapeme.live/shop/Metang/
Metagross,https://scrapeme.live/shop/Metagross/
Regirock,https://scrapeme.live/shop/Regirock/
Regice,https://scrapeme.live/shop/Regice/
Registeel,https://scrapeme.live/shop/Registeel/
Latias,https://scrapeme.live/shop/Latias/
Latios,https://scrapeme.live/shop/Latios/
Kyogre,https://scrapeme.live/shop/Kyogre/
Groudon,https://scrapeme.live/shop/Groudon/
Rayquaza,https://scrapeme.live/shop/Rayquaza/
Jirachi,https://scrapeme.live/shop/Jirachi/
Turtwig,https://scrapeme.live/shop/Turtwig/
Grotle,https://scrapeme.live/shop/Grotle/
Torterra,https://scrapeme.live/shop/Torterra/
Chimchar,https://scrapeme.live/shop/Chimchar/
Monferno,https://scrapeme.live/shop/Monferno/
Infernape,https://scrapeme.live/shop/Infernape/
Prinplup,https://scrapeme.live/shop/Prinplup/
Empoleon,https://scrapeme.live/shop/Empoleon/
Starly,https://scrapeme.live/shop/Starly/
Staravia,https://scrapeme.live/shop/Staravia/
Staraptor,https://scrapeme.live/shop/Staraptor/
Bidoof,https://scrapeme.live/shop/Bidoof/
Bibarel,https://scrapeme.live/shop/Bibarel/
Kricketot,https://scrapeme.live/shop/Kricketot/
Kricketune,https://scrapeme.live/shop/Kricketune/
Shinx,https://scrapeme.live/shop/Shinx/
Luxio,https://scrapeme.live/shop/Luxio/
Luxray,https://scrapeme.live/shop/Luxray/
Budew,https://scrapeme.live/shop/Budew/
Roserade,https://scrapeme.live/shop/Roserade/
Cranidos,https://scrapeme.live/shop/Cranidos/
Rampardos,https://scrapeme.live/shop/Rampardos/
Shieldon,https://scrapeme.live/shop/Shieldon/
Bastiodon,https://scrapeme.live/shop/Bastiodon/
Burmy,https://scrapeme.live/shop/Burmy/
Mothim,https://scrapeme.live/shop/Mothim/
Combee,https://scrapeme.live/shop/Combee/
Vespiquen,https://scrapeme.live/shop/Vespiquen/
Pachirisu,https://scrapeme.live/shop/Pachirisu/
Buizel,https://scrapeme.live/shop/Buizel/
Floatzel,https://scrapeme.live/shop/Floatzel/
Cherubi,https://scrapeme.live/shop/Cherubi/
Cherrim,https://scrapeme.live/shop/Cherrim/
Shellos,https://scrapeme.live/shop/Shellos/
Gastrodon,https://scrapeme.live/shop/Gastrodon/
Ambipom,https://scrapeme.live/shop/Ambipom/
Drifloon,https://scrapeme.live/shop/Drifloon/
Drifblim,https://scrapeme.live/shop/Drifblim/
Buneary,https://scrapeme.live/shop/Buneary/
Lopunny,https://scrapeme.live/shop/Lopunny/
Mismagius,https://scrapeme.live/shop/Mismagius/
Honchkrow,https://scrapeme.live/shop/Honchkrow/
Glameow,https://scrapeme.live/shop/Glameow/
Purugly,https://scrapeme.live/shop/Purugly/
Stunky,https://scrapeme.live/shop/Stunky/
Skuntank,https://scrapeme.live/shop/Skuntank/
Bronzong,https://scrapeme.live/shop/Bronzong/
Bonsly,https://scrapeme.live/shop/Bonsly/
Mime-jr,https://scrapeme.live/shop/Mime-jr/
Happiny,https://scrapeme.live/shop/Happiny/
Chatot,https://scrapeme.live/shop/Chatot/
Spiritomb,https://scrapeme.live/shop/Spiritomb/
Gible,https://scrapeme.live/shop/Gible/
Gabite,https://scrapeme.live/shop/Gabite/
Garchomp,https://scrapeme.live/shop/Garchomp/
Munchlax,https://scrapeme.live/shop/Munchlax/
Riolu,https://scrapeme.live/shop/Riolu/
Lucario,https://scrapeme.live/shop/Lucario/
Hippopotas,https://scrapeme.live/shop/Hippopotas/
Hippowdon,https://scrapeme.live/shop/Hippowdon/
Skorupi,https://scrapeme.live/shop/Skorupi/
Drapion,https://scrapeme.live/shop/Drapion/
Croagunk,https://scrapeme.live/shop/Croagunk/
Toxicroak,https://scrapeme.live/shop/Toxicroak/
Carnivine,https://scrapeme.live/shop/Carnivine/
Finneon,https://scrapeme.live/shop/Finneon/
Lumineon,https://scrapeme.live/shop/Lumineon/
Mantyke,https://scrapeme.live/shop/Mantyke/
Snover,https://scrapeme.live/shop/Snover/
Abomasnow,https://scrapeme.live/shop/Abomasnow/
Magnezone,https://scrapeme.live/shop/Magnezone/
Lickilicky,https://scrapeme.live/shop/Lickilicky/
Rhyperior,https://scrapeme.live/shop/Rhyperior/
Tangrowth,https://scrapeme.live/shop/Tangrowth/
Electivire,https://scrapeme.live/shop/Electivire/
Magmortar,https://scrapeme.live/shop/Magmortar/
Togekiss,https://scrapeme.live/shop/Togekiss/
Yanmega,https://scrapeme.live/shop/Yanmega/
Leafeon,https://scrapeme.live/shop/Leafeon/
Glaceon,https://scrapeme.live/shop/Glaceon/
Gliscor,https://scrapeme.live/shop/Gliscor/
Mamoswine,https://scrapeme.live/shop/Mamoswine/
Gallade,https://scrapeme.live/shop/Gallade/
Probopass,https://scrapeme.live/shop/Probopass/
Dusknoir,https://scrapeme.live/shop/Dusknoir/
Froslass,https://scrapeme.live/shop/Froslass/
Rotom,https://scrapeme.live/shop/Rotom/
Uxie,https://scrapeme.live/shop/Uxie/
Mesprit,https://scrapeme.live/shop/Mesprit/
Azelf,https://scrapeme.live/shop/Azelf/
Dialga,https://scrapeme.live/shop/Dialga/
Palkia,https://scrapeme.live/shop/Palkia/
Heatran,https://scrapeme.live/shop/Heatran/
Regigigas,https://scrapeme.live/shop/Regigigas/
Cresselia,https://scrapeme.live/shop/Cresselia/
Phione,https://scrapeme.live/shop/Phione/
Manaphy,https://scrapeme.live/shop/Manaphy/
Darkrai,https://scrapeme.live/shop/Darkrai/
Arceus,https://scrapeme.live/shop/Arceus/
Victini,https://scrapeme.live/shop/Victini/
Snivy,https://scrapeme.live/shop/Snivy/
Servine,https://scrapeme.live/shop/Servine/
Serperior,https://scrapeme.live/shop/Serperior/
Tepig,https://scrapeme.live/shop/Tepig/
Pignite,https://scrapeme.live/shop/Pignite/
Emboar,https://scrapeme.live/shop/Emboar/
Oshawott,https://scrapeme.live/shop/Oshawott/
Dewott,https://scrapeme.live/shop/Dewott/
Samurott,https://scrapeme.live/shop/Samurott/
Patrat,https://scrapeme.live/shop/Patrat/
Watchog,https://scrapeme.live/shop/Watchog/
Lillipup,https://scrapeme.live/shop/Lillipup/
Herdier,https://scrapeme.live/shop/Herdier/
Stoutland,https://scrapeme.live/shop/Stoutland/
Purrloin,https://scrapeme.live/shop/Purrloin/
Liepard,https://scrapeme.live/shop/Liepard/
Pansage,https://scrapeme.live/shop/Pansage/
Simisage,https://scrapeme.live/shop/Simisage/
Pansear,https://scrapeme.live/shop/Pansear/
Simisear,https://scrapeme.live/shop/Simisear/
Panpour,https://scrapeme.live/shop/Panpour/
Simipour,https://scrapeme.live/shop/Simipour/
Munna,https://scrapeme.live/shop/Munna/
Musharna,https://scrapeme.live/shop/Musharna/
Pidove,https://scrapeme.live/shop/Pidove/
Tranquill,https://scrapeme.live/shop/Tranquill/
Unfezant,https://scrapeme.live/shop/Unfezant/
Zebstrika,https://scrapeme.live/shop/Zebstrika/
Roggenrola,https://scrapeme.live/shop/Roggenrola/
Boldore,https://scrapeme.live/shop/Boldore/
Gigalith,https://scrapeme.live/shop/Gigalith/
Woobat,https://scrapeme.live/shop/Woobat/
Swoobat,https://scrapeme.live/shop/Swoobat/
Drilbur,https://scrapeme.live/shop/Drilbur/
Excadrill,https://scrapeme.live/shop/Excadrill/
Audino,https://scrapeme.live/shop/Audino/
Timburr,https://scrapeme.live/shop/Timburr/
Gurdurr,https://scrapeme.live/shop/Gurdurr/
Conkeldurr,https://scrapeme.live/shop/Conkeldurr/
Palpitoad,https://scrapeme.live/shop/Palpitoad/
Seismitoad,https://scrapeme.live/shop/Seismitoad/
Throh,https://scrapeme.live/shop/Throh/
Sawk,https://scrapeme.live/shop/Sawk/
Sewaddle,https://scrapeme.live/shop/Sewaddle/
Swadloon,https://scrapeme.live/shop/Swadloon/
Leavanny,https://scrapeme.live/shop/Leavanny/
Venipede,https://scrapeme.live/shop/Venipede/
Whirlipede,https://scrapeme.live/shop/Whirlipede/
Scolipede,https://scrapeme.live/shop/Scolipede/
Cottonee,https://scrapeme.live/shop/Cottonee/
Whimsicott,https://scrapeme.live/shop/Whimsicott/
Petilil,https://scrapeme.live/shop/Petilil/
Lilligant,https://scrapeme.live/shop/Lilligant/
Sandile,https://scrapeme.live/shop/Sandile/
Krokorok,https://scrapeme.live/shop/Krokorok/
Krookodile,https://scrapeme.live/shop/Krookodile/
Darumaka,https://scrapeme.live/shop/Darumaka/
Maractus,https://scrapeme.live/shop/Maractus/
Dwebble,https://scrapeme.live/shop/Dwebble/
Crustle,https://scrapeme.live/shop/Crustle/
Scraggy,https://scrapeme.live/shop/Scraggy/
Scrafty,https://scrapeme.live/shop/Scrafty/
Sigilyph,https://scrapeme.live/shop/Sigilyph/
Yamask,https://scrapeme.live/shop/Yamask/
Cofagrigus,https://scrapeme.live/shop/Cofagrigus/
Tirtouga,https://scrapeme.live/shop/Tirtouga/
Carracosta,https://scrapeme.live/shop/Carracosta/
Archen,https://scrapeme.live/shop/Archen/
Archeops,https://scrapeme.live/shop/Archeops/
Trubbish,https://scrapeme.live/shop/Trubbish/
Garbodor,https://scrapeme.live/shop/Garbodor/
Zorua,https://scrapeme.live/shop/Zorua/
Minccino,https://scrapeme.live/shop/Minccino/
Cinccino,https://scrapeme.live/shop/Cinccino/
Gothita,https://scrapeme.live/shop/Gothita/
Gothorita,https://scrapeme.live/shop/Gothorita/
Gothitelle,https://scrapeme.live/shop/Gothitelle/
Solosis,https://scrapeme.live/shop/Solosis/
Duosion,https://scrapeme.live/shop/Duosion/
Reuniclus,https://scrapeme.live/shop/Reuniclus/
Ducklett,https://scrapeme.live/shop/Ducklett/
Swanna,https://scrapeme.live/shop/Swanna/
Vanillite,https://scrapeme.live/shop/Vanillite/
Vanillish,https://scrapeme.live/shop/Vanillish/
Vanilluxe,https://scrapeme.live/shop/Vanilluxe/
Deerling,https://scrapeme.live/shop/Deerling/
Sawsbuck,https://scrapeme.live/shop/Sawsbuck/
Karrablast,https://scrapeme.live/shop/Karrablast/
Escavalier,https://scrapeme.live/shop/Escavalier/
Foongus,https://scrapeme.live/shop/Foongus/
Frillish,https://scrapeme.live/shop/Frillish/
Jellicent,https://scrapeme.live/shop/Jellicent/
Alomomola,https://scrapeme.live/shop/Alomomola/
Joltik,https://scrapeme.live/shop/Joltik/
Galvantula,https://scrapeme.live/shop/Galvantula/
Ferroseed,https://scrapeme.live/shop/Ferroseed/
Ferrothorn,https://scrapeme.live/shop/Ferrothorn/
Klink,https://scrapeme.live/shop/Klink/
Klang,https://scrapeme.live/shop/Klang/
Klinklang,https://scrapeme.live/shop/Klinklang/
Tynamo,https://scrapeme.live/shop/Tynamo/
Eelektrik,https://scrapeme.live/shop/Eelektrik/
Eelektross,https://scrapeme.live/shop/Eelektross/
Elgyem,https://scrapeme.live/shop/Elgyem/
Beheeyem,https://scrapeme.live/shop/Beheeyem/
Litwick,https://scrapeme.live/shop/Litwick/
Lampent,https://scrapeme.live/shop/Lampent/
Axew,https://scrapeme.live/shop/Axew/
Fraxure,https://scrapeme.live/shop/Fraxure/
Haxorus,https://scrapeme.live/shop/Haxorus/
Cubchoo,https://scrapeme.live/shop/Cubchoo/
Beartic,https://scrapeme.live/shop/Beartic/
Cryogonal,https://scrapeme.live/shop/Cryogonal/
Shelmet,https://scrapeme.live/shop/Shelmet/
Accelgor,https://scrapeme.live/shop/Accelgor/
Stunfisk,https://scrapeme.live/shop/Stunfisk/
Mienfoo,https://scrapeme.live/shop/Mienfoo/
Mienshao,https://scrapeme.live/shop/Mienshao/
Druddigon,https://scrapeme.live/shop/Druddigon/
Golett,https://scrapeme.live/shop/Golett/
Golurk,https://scrapeme.live/shop/Golurk/
Pawniard,https://scrapeme.live/shop/Pawniard/
Bisharp,https://scrapeme.live/shop/Bisharp/
Bouffalant,https://scrapeme.live/shop/Bouffalant/
Rufflet,https://scrapeme.live/shop/Rufflet/
Braviary,https://scrapeme.live/shop/Braviary/
Vullaby,https://scrapeme.live/shop/Vullaby/
Mandibuzz,https://scrapeme.live/shop/Mandibuzz/
Heatmor,https://scrapeme.live/shop/Heatmor/
Durant,https://scrapeme.live/shop/Durant/
Deino,https://scrapeme.live/shop/Deino/
Zweilous,https://scrapeme.live/shop/Zweilous/
Hydreigon,https://scrapeme.live/shop/Hydreigon/
Volcarona,https://scrapeme.live/shop/Volcarona/
Cobalion,https://scrapeme.live/shop/Cobalion/
Terrakion,https://scrapeme.live/shop/Terrakion/
Virizion,https://scrapeme.live/shop/Virizion/
Reshiram,https://scrapeme.live/shop/Reshiram/
Zekrom,https://scrapeme.live/shop/Zekrom/
Genesect,https://scrapeme.live/shop/Genesect/
Chespin,https://scrapeme.live/shop/Chespin/
Quilladin,https://scrapeme.live/shop/Quilladin/
Chesnaught,https://scrapeme.live/shop/Chesnaught/
Fennekin,https://scrapeme.live/shop/Fennekin/
Braixen,https://scrapeme.live/shop/Braixen/
Delphox,https://scrapeme.live/shop/Delphox/
Froakie,https://scrapeme.live/shop/Froakie/
Frogadier,https://scrapeme.live/shop/Frogadier/
Greninja,https://scrapeme.live/shop/Greninja/
Bunnelby,https://scrapeme.live/shop/Bunnelby/
Fletchling,https://scrapeme.live/shop/Fletchling/
Fletchinder,https://scrapeme.live/shop/Fletchinder/
Talonflame,https://scrapeme.live/shop/Talonflame/
Scatterbug,https://scrapeme.live/shop/Scatterbug/
Spewpa,https://scrapeme.live/shop/Spewpa/
Vivillon,https://scrapeme.live/shop/Vivillon/
Litleo,https://scrapeme.live/shop/Litleo/
Pyroar,https://scrapeme.live/shop/Pyroar/
Flabebe,https://scrapeme.live/shop/Flabebe/
Floette,https://scrapeme.live/shop/Floette/
Florges,https://scrapeme.live/shop/Florges/
Skiddo,https://scrapeme.live/shop/Skiddo/
Gogoat,https://scrapeme.live/shop/Gogoat/
Pangoro,https://scrapeme.live/shop/Pangoro/
Furfrou,https://scrapeme.live/shop/Furfrou/
Espurr,https://scrapeme.live/shop/Espurr/
Honedge,https://scrapeme.live/shop/Honedge/
Doublade,https://scrapeme.live/shop/Doublade/
Spritzee,https://scrapeme.live/shop/Spritzee/
Aromatisse,https://scrapeme.live/shop/Aromatisse/
Swirlix,https://scrapeme.live/shop/Swirlix/
Slurpuff,https://scrapeme.live/shop/Slurpuff/
Inkay,https://scrapeme.live/shop/Inkay/
Malamar,https://scrapeme.live/shop/Malamar/
Binacle,https://scrapeme.live/shop/Binacle/
Barbaracle,https://scrapeme.live/shop/Barbaracle/
Skrelp,https://scrapeme.live/shop/Skrelp/
Dragalge,https://scrapeme.live/shop/Dragalge/
Clauncher,https://scrapeme.live/shop/Clauncher/
Clawitzer,https://scrapeme.live/shop/Clawitzer/
Helioptile,https://scrapeme.live/shop/Helioptile/
Heliolisk,https://scrapeme.live/shop/Heliolisk/
Tyrunt,https://scrapeme.live/shop/Tyrunt/
Tyrantrum,https://scrapeme.live/shop/Tyrantrum/
Amaura,https://scrapeme.live/shop/Amaura/
Aurorus,https://scrapeme.live/shop/Aurorus/
Sylveon,https://scrapeme.live/shop/Sylveon/
Hawlucha,https://scrapeme.live/shop/Hawlucha/
Dedenne,https://scrapeme.live/shop/Dedenne/
Carbink,https://scrapeme.live/shop/Carbink/
Goomy,https://scrapeme.live/shop/Goomy/
Sliggoo,https://scrapeme.live/shop/Sliggoo/
Goodra,https://scrapeme.live/shop/Goodra/
Klefki,https://scrapeme.live/shop/Klefki/
Trevenant,https://scrapeme.live/shop/Trevenant/
Bergmite,https://scrapeme.live/shop/Bergmite/
Avalugg,https://scrapeme.live/shop/Avalugg/
Noibat,https://scrapeme.live/shop/Noibat/
Noivern,https://scrapeme.live/shop/Noivern/
Xerneas,https://scrapeme.live/shop/Xerneas/
Yveltal,https://scrapeme.live/shop/Yveltal/
Zygarde,https://scrapeme.live/shop/Zygarde/
Diancie,https://scrapeme.live/shop/Diancie/
Hoopa,https://scrapeme.live/shop/Hoopa/
Volcanion,https://scrapeme.live/shop/Volcanion/
Dartrix,https://scrapeme.live/shop/Dartrix/
Decidueye,https://scrapeme.live/shop/Decidueye/
Litten,https://scrapeme.live/shop/Litten/
Torracat,https://scrapeme.live/shop/Torracat/
Incineroar,https://scrapeme.live/shop/Incineroar/
Popplio,https://scrapeme.live/shop/Popplio/
Brionne,https://scrapeme.live/shop/Brionne/
Primarina,https://scrapeme.live/shop/Primarina/
Pikipek,https://scrapeme.live/shop/Pikipek/
Trumbeak,https://scrapeme.live/shop/Trumbeak/
Toucannon,https://scrapeme.live/shop/Toucannon/
Yungoos,https://scrapeme.live/shop/Yungoos/
Gumshoos,https://scrapeme.live/shop/Gumshoos/
Grubbin,https://scrapeme.live/shop/Grubbin/
Charjabug,https://scrapeme.live/shop/Charjabug/
Vikavolt,https://scrapeme.live/shop/Vikavolt/
Crabrawler,https://scrapeme.live/shop/Crabrawler/
Crabominable,https://scrapeme.live/shop/Crabominable/
Cutiefly,https://scrapeme.live/shop/Cutiefly/
Ribombee,https://scrapeme.live/shop/Ribombee/
Rockruff,https://scrapeme.live/shop/Rockruff/
Mareanie,https://scrapeme.live/shop/Mareanie/
Toxapex,https://scrapeme.live/shop/Toxapex/
Mudbray,https://scrapeme.live/shop/Mudbray/
Mudsdale,https://scrapeme.live/shop/Mudsdale/
Dewpider,https://scrapeme.live/shop/Dewpider/
Araquanid,https://scrapeme.live/shop/Araquanid/
Fomantis,https://scrapeme.live/shop/Fomantis/
Lurantis,https://scrapeme.live/shop/Lurantis/
Morelull,https://scrapeme.live/shop/Morelull/
Shiinotic,https://scrapeme.live/shop/Shiinotic/
Salandit,https://scrapeme.live/shop/Salandit/
Salazzle,https://scrapeme.live/shop/Salazzle/
Stufful,https://scrapeme.live/shop/Stufful/
Bewear,https://scrapeme.live/shop/Bewear/
Bounsweet,https://scrapeme.live/shop/Bounsweet/
Steenee,https://scrapeme.live/shop/Steenee/
Tsareena,https://scrapeme.live/shop/Tsareena/
Comfey,https://scrapeme.live/shop/Comfey/
Oranguru,https://scrapeme.live/shop/Oranguru/
Passimian,https://scrapeme.live/shop/Passimian/
Wimpod,https://scrapeme.live/shop/Wimpod/
Golisopod,https://scrapeme.live/shop/Golisopod/
Sandygast,https://scrapeme.live/shop/Sandygast/
Palossand,https://scrapeme.live/shop/Palossand/
Pyukumuku,https://scrapeme.live/shop/Pyukumuku/
Silvally,https://scrapeme.live/shop/Silvally/
Komala,https://scrapeme.live/shop/Komala/
Turtonator,https://scrapeme.live/shop/Turtonator/
Togedemaru,https://scrapeme.live/shop/Togedemaru/
Drampa,https://scrapeme.live/shop/Drampa/
Jangmo-o,https://scrapeme.live/shop/Jangmo-o/
Hakamo-o,https://scrapeme.live/shop/Hakamo-o/
Kommo-o,https://scrapeme.live/shop/Kommo-o/
Tapu-koko,https://scrapeme.live/shop/Tapu-koko/
Tapu-lele,https://scrapeme.live/shop/Tapu-lele/
Tapu-bulu,https://scrapeme.live/shop/Tapu-bulu/
Tapu-fini,https://scrapeme.live/shop/Tapu-fini/
Solgaleo,https://scrapeme.live/shop/Solgaleo/
Lunala,https://scrapeme.live/shop/Lunala/
Nihilego,https://scrapeme.live/shop/Nihilego/
Buzzwole,https://scrapeme.live/shop/Buzzwole/
Pheromosa,https://scrapeme.live/shop/Pheromosa/
Xurkitree,https://scrapeme.live/shop/Xurkitree/
Celesteela,https://scrapeme.live/shop/Celesteela/
Kartana,https://scrapeme.live/shop/Kartana/
Guzzlord,https://scrapeme.live/shop/Guzzlord/
Necrozma,https://scrapeme.live/shop/Necrozma/
Marshadow,https://scrapeme.live/shop/Marshadow/
Poipole,https://scrapeme.live/shop/Poipole/
